<?xml version="1.0" encoding="UTF-8"?>
<thing:thing-descriptions bindingId="shelly"
	xmlns:xsi="http://www.w3.org/2001/XMLSchema-instance"
	xmlns:thing="https://openhab.org/schemas/thing-description/v1.0.0"
	xsi:schemaLocation="https://openhab.org/schemas/thing-description/v1.0.0 https://openhab.org/schemas/thing-description-1.0.0.xsd">

	<thing-type id="shellybulb">
		<label>Shelly Bulb (SHBULB)</label>
		<description>Shelly Bulb</description>
		<channel-groups>
			<channel-group id="control" typeId="bulbControl"/>
			<channel-group id="color" typeId="colorSettingsBulb"/>
			<channel-group id="white" typeId="whiteSettings"/>
			<channel-group id="device" typeId="deviceStatus"/>
		</channel-groups>

		<representation-property>deviceName</representation-property>
		<config-description-ref uri="thing-type:shelly:light"/>
	</thing-type>

	<thing-type id="shellybulbduo">
		<label>Shelly Duo (SHBDUO-1)</label>
		<description>Shelly Duo</description>
		<channel-groups>
			<channel-group id="control" typeId="duoControl"/>
			<channel-group id="white" typeId="whiteSettings"/>
			<channel-group id="meter" typeId="meter"/>
			<channel-group id="device" typeId="deviceStatus"/>
		</channel-groups>

		<representation-property>deviceName</representation-property>
		<config-description-ref uri="thing-type:shelly:light"/>
	</thing-type>

	<thing-type id="shellycolorbulb">
		<label>Shelly Duo Color Bulb (SHSCB-1)</label>
		<description>Shelly Duo Color Bulb in Color or White Mode</description>
		<channel-groups>
			<channel-group id="control" typeId="duoControl"/>
			<channel-group id="color" typeId="colorSettingsBulb"/>
			<channel-group id="white" typeId="whiteSettings"/>
			<channel-group id="meter" typeId="meter"/>
			<channel-group id="device" typeId="deviceStatus"/>
		</channel-groups>

		<representation-property>deviceName</representation-property>
		<config-description-ref uri="thing-type:shelly:light"/>
	</thing-type>

	<thing-type id="shellyvintage">
		<label>Shelly Vintage (SHVIN-1)</label>
		<description>Shelly Vintage Light Bulb</description>
		<channel-groups>
			<channel-group id="control" typeId="duoControl"/>
			<channel-group id="white" typeId="whiteSettingsSimple"/>
			<channel-group id="meter" typeId="meter"/>
			<channel-group id="device" typeId="deviceStatus"/>
		</channel-groups>

		<representation-property>deviceName</representation-property>
		<config-description-ref uri="thing-type:shelly:light"/>
	</thing-type>

	<thing-type id="shellyrgbw2-color">
		<label>Shelly RGBW2 Color Mode (SHRGBW2)</label>
		<description>Shelly RGBW2 Controller - Color Mode</description>
		<category>Lightbulb</category>
		<channel-groups>
			<channel-group id="control" typeId="rgbw2ColorControl"/>
			<channel-group id="color" typeId="colorSettingsRGBW2"/>
			<channel-group id="meter" typeId="meter"/>
			<channel-group id="device" typeId="deviceStatus"/>
		</channel-groups>

		<representation-property>deviceName</representation-property>
		<config-description-ref uri="thing-type:shelly:rgbw2"/>
	</thing-type>

	<thing-type id="shellyrgbw2-white">
		<label>Shelly RGBW2 White Mode (SHRGBW2)</label>
		<description>Shelly RGBW2 Controller - White Mode</description>
		<channel-groups>
			<channel-group id="control" typeId="rgbw2WhiteControl"/>
			<channel-group id="channel1" typeId="rgbw2Channel">
				<label>Channel 1</label>
			</channel-group>
			<channel-group id="channel2" typeId="rgbw2Channel">
				<label>Channel 2</label>
			</channel-group>
			<channel-group id="channel3" typeId="rgbw2Channel">
				<label>Channel 3</label>
			</channel-group>
			<channel-group id="channel4" typeId="rgbw2Channel">
				<label>Channel 4</label>
			</channel-group>
			<channel-group id="meter" typeId="meter"/>
			<channel-group id="device" typeId="deviceStatus"/>
		</channel-groups>

		<representation-property>deviceName</representation-property>
		<config-description-ref uri="thing-type:shelly:rgbw2"/>
	</thing-type>

	<channel-group-type id="bulbControl">
		<label>Light Control</label>
		<description>Control your light</description>
		<channels>
			<channel id="power" typeId="system.power"/>
			<channel id="mode" typeId="colorMode"/>
			<channel id="autoOn" typeId="timerAutoOn"/>
			<channel id="autoOff" typeId="timerAutoOff"/>
			<channel id="timerActive" typeId="timerActive"/>
		</channels>
	</channel-group-type>
	<channel-group-type id="duoControl">
		<label>Light Control</label>
		<description>Control your light</description>
		<channels>
			<channel id="autoOn" typeId="timerAutoOn"/>
			<channel id="autoOff" typeId="timerAutoOff"/>
			<channel id="timerActive" typeId="timerActive"/>
		</channels>
	</channel-group-type>
	<channel-group-type id="rgbw2ColorControl">
		<label>Light Control</label>
		<description>Control your light channels</description>
	</channel-group-type>
	<channel-group-type id="rgbw2WhiteControl">
		<label>White Control</label>
	</channel-group-type>
	<channel-group-type id="colorSettingsBulb">
		<label>Colors</label>
		<description>Light colors</description>
		<channels>
			<channel id="hsb" typeId="system.color"/>
			<channel id="full" typeId="colorFull"/>
			<channel id="red" typeId="colorRed"/>
			<channel id="green" typeId="colorGreen"/>
			<channel id="blue" typeId="colorBlue"/>
			<channel id="white" typeId="colorWhite"/>
			<channel id="gain" typeId="colorGain"/>
			<channel id="effect" typeId="colorEffectBulb"/>
		</channels>
	</channel-group-type>
	<channel-group-type id="colorSettingsRGBW2">
		<label>Colors</label>
		<description>Light colors</description>
		<channels>
			<channel id="hsb" typeId="system.color"/>
			<channel id="full" typeId="colorFull"/>
			<channel id="red" typeId="colorRed"/>
			<channel id="green" typeId="colorGreen"/>
			<channel id="blue" typeId="colorBlue"/>
			<channel id="white" typeId="colorWhite"/>
			<channel id="gain" typeId="colorGain"/>
			<channel id="effect" typeId="colorEffectRGBW2"/>
		</channels>
	</channel-group-type>
	<channel-group-type id="whiteSettings">
		<label>White settings</label>
		<description>Adjust colors when device is in white mode</description>
		<channels>
			<channel id="brightness" typeId="whiteBrightness"/>
			<channel id="temperature" typeId="whiteTemp"/>
		</channels>
	</channel-group-type>
	<channel-group-type id="whiteSettingsSimple">
		<label>White settings</label>
		<description>Adjust colors when device is in white mode</description>
		<channels>
			<channel id="brightness" typeId="whiteBrightness"/>
		</channels>
	</channel-group-type>
	<channel-group-type id="rgbw2Channel">
		<label>Control</label>
		<description>Switch channel and adjust settings</description>
		<channels>
			<channel id="autoOn" typeId="timerAutoOn"/>
			<channel id="autoOff" typeId="timerAutoOff"/>
			<channel id="timerActive" typeId="timerActive"/>
			<channel id="brightness" typeId="whiteBrightness"/>
		</channels>
	</channel-group-type>


	<channel-type id="colorMode">
		<item-type>Switch</item-type>
		<label>Mode (ON=color, OFF=white)</label>
		<description>ON: Device is in color mode, OFF: Device is in White Mode</description>
	</channel-type>
	<channel-type id="colorFull">
		<item-type>String</item-type>
		<label>Full Color</label>
		<description>Setting this channel sets the selected color to 255, all others to 0</description>
		<state>
			<options>
				<option value="red">Red</option>
				<option value="green">Green</option>
				<option value="blue">Blue</option>
				<option value="yellow">Yellow</option>
				<option value="white">White</option>
			</options>
		</state>
	</channel-type>
	<channel-type id="colorRed" advanced="true">
		<item-type>Dimmer</item-type>
		<label>Red</label>
		<description>red, 0..255, only in Color Mode</description>
		<state min="0" max="255" step="1" readOnly="false"></state>
	</channel-type>
	<channel-type id="colorGreen" advanced="true">
		<item-type>Dimmer</item-type>
		<label>Green</label>
		<description>green, 0..255, applies Color Mode</description>
		<state min="0" max="255" step="1" readOnly="false"></state>
	</channel-type>
	<channel-type id="colorBlue" advanced="true">
		<item-type>Dimmer</item-type>
		<label>Blue</label>
		<description>blue, 0..255, only in Color Mode</description>
		<state min="0" max="255" step="1" readOnly="false"></state>
	</channel-type>
	<channel-type id="colorWhite">
		<item-type>Dimmer</item-type>
		<label>White</label>
		<description>white, 0..255, applies in Color Mode</description>
		<state min="0" max="255" step="1" readOnly="false"></state>
	</channel-type>
	<channel-type id="colorGain">
		<item-type>Dimmer</item-type>
		<label>Gain</label>
		<description>gain for all channels, 0..100, applies in Color Mode</description>
		<state min="0" max="100" step="1" readOnly="false"></state>
	</channel-type>
	<channel-type id="whiteTemp">
		<item-type>Dimmer</item-type>
		<label>Light Temperature</label>
		<description>Light Temperature 3000..6500K</description>
		<state min="3000" max="6500" step="10" readOnly="false"></state>
	</channel-type>
	<channel-type id="whiteBrightness">
		<item-type>Dimmer</item-type>
		<label>Brightness</label>
		<description>Brightness: 0..100%</description>
		<category>DimmableLight</category>
		<state min="0" max="100" step="1" readOnly="false"></state>
	</channel-type>
	<channel-type id="colorEffectBulb">
		<item-type>Number</item-type>
		<label>Effect</label>
		<description>Currently applied effect, description: 0: Off, 1: Meteor Shower, 2: Gradual Change, 3: Breath, 4: Flash,
			5: On/Off Gradual, 6: Red/Green Change</description>
		<state>
			<options>
				<option value="0">Off</option>
				<option value="1">Meteor Shower</option>
				<option value="2">Gradual Change</option>
				<option value="3">Breath</option>
				<option value="4">Flash</option>
				<option value="5">On/Off Gradual</option>
				<option value="6">Red/Green Change</option>
			</options>
		</state>
	</channel-type>
	<channel-type id="colorEffectRGBW2">
		<item-type>Number</item-type>
		<label>Effect</label>
		<description>Currently applied effect, description: 0: Off, 1: Meteor Shower, 2: Gradual Change, 3: Flash</description>
		<state>
			<options>
				<option value="0">Off</option>
				<option value="1">Meteor Shower</option>
				<option value="2">Gradual Change</option>
				<option value="3">Flash</option>
			</options>
		</state>
	</channel-type>

</thing:thing-descriptions>
