<?xml version="1.0" encoding="UTF-8"?>
<thing:thing-descriptions bindingId="shelly"
	xmlns:xsi="http://www.w3.org/2001/XMLSchema-instance"
	xmlns:thing="https://openhab.org/schemas/thing-description/v1.0.0"
	xsi:schemaLocation="https://openhab.org/schemas/thing-description/v1.0.0 https://openhab.org/schemas/thing-description-1.0.0.xsd">

	<thing-type id="shellyht">
		<label>Shelly H&amp;T (SHHT-1)</label>
		<description>Shelly H&amp;T Sensor</description>

		<channel-groups>
			<channel-group id="sensors" typeId="sensorData"/>
			<channel-group id="battery" typeId="batteryStatus"/>
			<channel-group id="device" typeId="deviceStatus"/>
		</channel-groups>

		<representation-property>deviceName</representation-property>
		<config-description-ref uri="thing-type:shelly:battery"/>
	</thing-type>

	<thing-type id="shellysmoke">
		<label>Shelly Smoke</label>
		<description>Shelly Smoke Sensor (battery powered)</description>

		<channel-groups>
			<channel-group id="sensors" typeId="sensorData"/>
			<channel-group id="battery" typeId="batteryStatus"/>
			<channel-group id="device" typeId="deviceStatus"/>
		</channel-groups>

		<representation-property>deviceName</representation-property>
		<config-description-ref uri="thing-type:shelly:battery"/>
	</thing-type>

	<thing-type id="shellygas">
		<label>Shelly GAS (SHGS-1)</label>
		<description>Shelly Gas Sensor</description>

		<channel-groups>
			<channel-group id="sensors" typeId="sensorData"/>
			<channel-group id="device" typeId="deviceStatus"/>
		</channel-groups>

		<representation-property>deviceName</representation-property>
		<config-description-ref uri="thing-type:shelly:basic"/>
	</thing-type>

	<thing-type id="shellyflood">
		<label>Shelly Flood (SHWT-1)</label>
		<description>Shelly Flood Sensor (battery powered)</description>
		<channel-groups>
			<channel-group id="sensors" typeId="sensorData"/>
			<channel-group id="battery" typeId="batteryStatus"/>
			<channel-group id="device" typeId="deviceStatus"/>
		</channel-groups>

		<representation-property>deviceName</representation-property>
		<config-description-ref uri="thing-type:shelly:battery"/>
	</thing-type>

	<thing-type id="shellydw">
		<label>Shelly Door/Window (SHDW-1)</label>
		<description>Shelly Door/Window Sensor (battery powered)</description>

		<channel-groups>
			<channel-group id="sensors" typeId="sensorData"/>
			<channel-group id="battery" typeId="batteryStatus"/>
			<channel-group id="device" typeId="deviceStatus"/>
		</channel-groups>

		<representation-property>deviceName</representation-property>
		<config-description-ref uri="thing-type:shelly:battery"/>
	</thing-type>

	<thing-type id="shellydw2">
		<label>Shelly Door/Window (SHDW-2)</label>
		<description>Shelly Door/Window 2 Sensor (battery powered)</description>

		<channel-groups>
			<channel-group id="sensors" typeId="sensorData"/>
			<channel-group id="battery" typeId="batteryStatus"/>
			<channel-group id="device" typeId="deviceStatus"/>
		</channel-groups>

		<representation-property>deviceName</representation-property>
		<config-description-ref uri="thing-type:shelly:battery"/>
	</thing-type>

	<thing-type id="shellysense">
		<label>Shelly Sense (SHSEN-1)</label>
		<description>Shelly Sense Remote IR Controller</description>
		<channel-groups>
			<channel-group id="control" typeId="senseControl"/>
			<channel-group id="sensors" typeId="sensorData"/>
			<channel-group id="battery" typeId="batteryStatus"/>
			<channel-group id="device" typeId="deviceStatus"/>
		</channel-groups>

		<representation-property>deviceName</representation-property>
		<config-description-ref uri="thing-type:shelly:battery"/>
	</thing-type>

	<thing-type id="shellybutton1">
		<label>Shelly Button 1 (SHBTN-1)</label>
		<description>Shelly Button 1 (battery powered)</description>

		<channel-groups>
			<channel-group id="status" typeId="buttonState"/>
			<channel-group id="battery" typeId="batteryStatus"/>
			<channel-group id="device" typeId="deviceStatus"/>
		</channel-groups>

		<representation-property>deviceName</representation-property>
		<config-description-ref uri="thing-type:shelly:battery"/>
	</thing-type>

	<thing-type id="shellymotion">
		<label>Shelly Motion</label>
		<description>Shelly Motion Sensor (battery powered)</description>

		<channel-groups>
			<channel-group id="sensors" typeId="sensorData"/>
			<channel-group id="battery" typeId="batteryStatus"/>
			<channel-group id="device" typeId="deviceStatus"/>
		</channel-groups>

		<representation-property>deviceName</representation-property>
		<config-description-ref uri="thing-type:shelly:battery"/>
	</thing-type>

	<channel-group-type id="sensorData">
		<label>Sensor Data</label>
		<description>Data from the various sensors</description>
	</channel-group-type>

	<channel-group-type id="batteryStatus">
		<label>Battery Status</label>
	</channel-group-type>
	<channel-group-type id="senseControl">
		<label>Sense Control</label>
		<description>Sense Settings</description>
		<channels>
			<channel id="key" typeId="senseKey"/>
		</channels>
	</channel-group-type>
	<channel-group-type id="buttonState">
		<label>Button State</label>
		<description>Status of the Button</description>
	</channel-group-type>


	<channel-type id="sensorContact">
		<item-type>Contact</item-type>
		<label>Contact</label>
		<description>State of the contact: open/close</description>
		<category>Contact</category>
		<state pattern="%s" readOnly="true">
			<options>
				<option value="OPEN">Open</option>
				<option value="CLOSED">Closed</option>
			</options>
		</state>
	</channel-type>
	<channel-type id="sensorState">
		<item-type>String</item-type>
		<label>Sensor State</label>
		<description>Sensor State: normal</description>
		<state pattern="%s" readOnly="true">
			<options>
				<option value="warmup">Warm-Up</option>
				<option value="normal">Normal</option>
				<option value="fault">Fault</option>
				<option value="unknown">unknown</option>
			</options>
		</state>
	</channel-type>
	<channel-type id="alarmState">
		<item-type>String</item-type>
		<label>Alarm State</label>
		<description>Alarm State: normal</description>
		<state pattern="%s" readOnly="true">
			<options>
				<option value="unknown">Unknown</option>
				<option value="none">None</option>
				<option value="mild">Mild</option>
				<option value="heavy">Heavy</option>
				<option value="test">Test</option>
			</options>
		</state>
	</channel-type>
	<channel-type id="lastEvent">
		<item-type>String</item-type>
		<label>Event</label>
		<description>Event Type</description>
		<state pattern="%s" readOnly="true">
			<options>
				<option value="S">Short push</option>
				<option value="SS">Double-Short push</option>
				<option value="SSS">Triple-Short push</option>
				<option value="L">Long push</option>
				<option value="SL">Short-Long push</option>
				<option value="LS">Long-Short push</option>
			</options>
		</state>
	</channel-type>
	<channel-type id="eventCount">
		<item-type>Number</item-type>
		<label>Event Count</label>
		<description>Event Count</description>
		<state pattern="%.0f" readOnly="true">
		</state>
	</channel-type>

	<channel-type id="sensorTemp">
		<item-type>Number:Temperature</item-type>
		<label>Temperature</label>
		<description>Temperature from the sensor</description>
		<category>Temperature</category>
		<tags>
			<tag>CurrentTemperature</tag>
		</tags>
		<state readOnly="true" pattern="%.1f %unit%">
		</state>
	</channel-type>
	<channel-type id="sensorExtTemp">
		<item-type>Number:Temperature</item-type>
		<label>Temperature</label>
		<description>Temperature from the external sensor</description>
		<category>Temperature</category>
		<tags>
			<tag>CurrentTemperature</tag>
		</tags>
		<state readOnly="true" pattern="%.1f %unit%">
		</state>
	</channel-type>
	<channel-type id="sensorExtHum">
		<item-type>Number:Dimensionless</item-type>
		<label>Humidity</label>
		<description>Relative humidity in % (0..100%) from external sensor</description>
		<category>Humidity</category>
		<tags>
			<tag>CurrentHumidity</tag>
		</tags>
		<state readOnly="true" pattern="%.1f %unit%">
		</state>
	</channel-type>
	<channel-type id="sensorHumidity">
		<item-type>Number:Dimensionless</item-type>
		<label>Humidity</label>
		<description>Relative humidity in % (0..100%)</description>
		<tags>
			<tag>CurrentHumidity</tag>
		</tags>
		<state readOnly="true" pattern="%.1f %unit%"/>
	</channel-type>
	<channel-type id="sensorFlood">
		<item-type>Switch</item-type>
		<label>Flood Alarm</label>
		<description>ON: Indicates flood condition / water detected</description>
		<state readOnly="true">
		</state>
	</channel-type>
	<channel-type id="sensorSmoke">
		<item-type>Switch</item-type>
		<label>Smoke Alarm</label>
		<description>ON: Indicates smoke detection</description>
		<state readOnly="true">
		</state>
	</channel-type>
	<channel-type id="sensorLux">
		<item-type>Number:Illuminance</item-type>
		<label>Lux</label>
		<description>Brightness from the sensor (Lux)</description>
		<state readOnly="true" pattern="%.0f %unit%">
		</state>
	</channel-type>
	<channel-type id="sensorIllumination">
		<item-type>String</item-type>
		<label>Illumination</label>
		<description>Current illumination: dark/twilight/bright</description>
		<state readOnly="true">
			<options>
				<option value="dark">Dark</option>
				<option value="twilight">Twilight</option>
				<option value="bright">Bright</option>
			</options>
		</state>
	</channel-type>
	<channel-type id="motionTimestamp">
		<item-type>DateTime</item-type>
		<label>Last motion</label>
		<description>Timestamp of last detected motion</description>
		<state readOnly="true">
		</state>
	</channel-type>
	<channel-type id="sensorMotion">
		<item-type>Switch</item-type>
		<label>Motion</label>
		<description>ON: Motion detected</description>
		<state readOnly="true">
		</state>
	</channel-type>
	<channel-type id="sensorVibration">
		<item-type>Switch</item-type>
		<label>Vibration</label>
		<description>ON: Vibration detected</description>
		<state readOnly="true">
		</state>
	</channel-type>
	<channel-type id="sensorTilt">
		<item-type>Number:Angle</item-type>
		<label>Tilt</label>
		<description>Tilt in degrees (requires calibration)</description>
		<state readOnly="true" pattern="%.0f %unit%">
		</state>
	</channel-type>
	<channel-type id="sensorPPM">
		<item-type>Number:Density</item-type>
		<label>Concentration</label>
		<description>Gas concentration in ppm</description>
		<state readOnly="true" pattern="%.0f %unit%">
		</state>
	</channel-type>
	<channel-type id="sensorADC">
		<item-type>Number:ElectricPotential</item-type>
		<label>Voltage (ADC)</label>
		<description>ADC voltage in V</description>
		<state readOnly="true" pattern="%.0f %unit%">
		</state>
	</channel-type>
	<channel-type id="sensorValve">
		<item-type>String</item-type>
		<label>Valve</label>
		<description>Current valve status: closed/opened/not_connected/failure/closing/opening/checking</description>
		<state readOnly="true">
			<options>
				<option value="closed">closed</option>
				<option value="opened">opened</option>
				<option value="not_connected">not connected</option>
				<option value="failure">failure</option>
				<option value="closing">closing</option>
				<option value="opening">opening</option>
				<option value="checking">checking</option>
				<option value="unknown">UNKNOWN</option>
			</options>
		</state>
	</channel-type>
	<channel-type id="sensorError">
		<item-type>String</item-type>
		<label>Last Error</label>
		<description>Only valid in case of error</description>
		<state readOnly="true">
		</state>
	</channel-type>

	<channel-type id="senseKey">
		<item-type>String</item-type>
		<label>IR Key to Send</label>
		<description>Send a defined key code</description>
	</channel-type>

</thing:thing-descriptions>
